level_0,artistName,trackName,count,endTime
0,Jungeli,Petit génie,6,2024-06-05 17:23:00
0,Fireboy DML,Bandana,3,
0,Rogue,Let's Talk,3,
0,Timaya,Cold Outside,3,
0,Aya Nakamura,Copines,2,
1,A$AP Rocky,Hun43rd,2,2024-06-07 11:44:00
1,Avicii,The Nights,2,
1,BABYMETAL,RATATATA,2,
1,Coi Leray,Players,2,
1,David Guetta,I'm Good (Blue),2,
2,Rod Stewart,I Don't Want to Talk About It,3,2024-06-09 03:14:00
2,Benson Boone,Beautiful Things,2,
2,CKay,love nwantiti (feat. ElGrande Toto) - North African Remix,2,
2,Chop Daily,Yanna,2,
2,Ed Sheeran,Shape of You,2,
3,Richy Mitch & The Coal Miners,Evergreen,3,2024-06-11 07:15:00
3,Jungeli,Petit génie,2,
3,Lake Isabel,Saving Daylight (Revisited),2,
3,PSY,Gangnam Style (강남스타일),2,
3,SKIY,Dreaming,2,
4,Disturbed,The Sound of Silence - CYRIL Remix,4,2024-06-12 08:07:00
4,Mark Ambor,Belong Together,3,
4,Benson Boone,Beautiful Things,2,
4,Cook & Stans,Endless Dancing,2,
4,J Balvin,In Da Getto,2,
5,Andrea Romano,Beethoven (Moonlight Sonata) Full,4,2024-06-14 14:43:00
5,JVKE,this is what heartbreak feels like,3,
5,Ludwig van Beethoven,"Piano Sonata No. 14 in C-Sharp Minor, Op. 27 No. 2 ""Moonlight Sonata"": I. Adagio sostenuto",3,
5,Rogue,Let's Talk,3,
5,Solee,March of the giants,3,
6,Afro B,Drogba (Joanna),2,2024-06-22 22:36:00
6,Asake,Lonely At The Top,2,
6,Ayra Starr,Commas,2,
6,Burna Boy,For My Hand (feat. Ed Sheeran),2,
6,CKay,emiliana,2,
7,Aya Nakamura,Copines,2,2024-06-23 03:27:00
7,Coi Leray,Players,2,
7,Tam Sir,Coup du marteau,2,
7,The Kid LAROI,STAY (with Justin Bieber),2,
7,1da Banton,No Wahala,1,
8,Crazy Frog,Popcorn,3,2024-06-27 15:20:00
8,Shakira,Hips Don't Lie (feat. Wyclef Jean),3,
8,Aya Nakamura,42,2,
8,Bob Sinclar,Rock This Party (Everybody Dance Now),2,
8,Carbonne,Imagine,2,
9,Ayra Starr,Commas,4,2024-06-29 11:17:00
9,Afro B,Drogba (Joanna),3,
9,Aya Nakamura,Copines,2,
9,JVKE,clouds,2,
9,Jungeli,Petit génie,2,
10,Jungeli,Petit génie,3,2024-06-30 07:24:00
10,Aya Nakamura,42,2,
10,Benson Boone,Beautiful Things,2,
10,CKay,emiliana,2,
10,Camidoh,Sugarcane - Remix,2,
11,King Serenity,All for U (Ameyatchi),3,2024-06-30 23:20:00
11,Aya Nakamura,Pookie,2,
11,Dadju,I love you,2,
11,Hatik,Angela,2,
11,Kizz Daniel,Buga (Lo Lo Lo),2,
12,Leonz,Among Us (Trap Remix),4,2024-07-01 12:38:00
12,Afro B,Drogba (Joanna),2,
12,Alan Walker,"Fire! (feat. YUQI ((G)I-DLE), JVKE)",2,
12,Aya Nakamura,42,2,
12,Ayra Starr,Commas,2,
13,Ayra Starr,Rush,2,2024-07-01 23:15:00
13,Lojay,Monalisa,2,
13,Rema,Calm Down,2,
13,1da Banton,No Wahala,1,
13,A-Star,Kupe Dance,1,
14,Afro B,Drogba (Joanna),4,2024-07-02 08:21:00
14,Jungeli,Petit génie,3,
14,Aya Nakamura,Copines,2,
14,Burna Boy,On the Low,2,
14,CKay,emiliana,2,
15,Lojay,Monalisa,2,2024-07-02 23:41:00
15,1da Banton,No Wahala,1,
15,A-Star,Kupe Dance,1,
15,Afro B,Drogba (Joanna),1,
15,Afro B,Joanna (Drogba) - Remix,1,
16,Ayra Starr,Commas,3,2024-07-03 04:59:00
16,Aya Nakamura,Copines,2,
16,Aya Nakamura,Doggy,2,
16,CKay,emiliana,2,
16,Omah Lay,reason,2,
17,1da Banton,No Wahala,1,2024-07-04 21:55:00
17,Afro B,Drogba (Joanna),1,
17,Aya Nakamura,40%,1,
17,Aya Nakamura,42,1,
17,Aya Nakamura,Baby,1,
18,Benson Boone,Slow It Down,9,2024-07-05 03:02:00
18,Forrest Frank,GOOD DAY,2,
18,Forrest Frank,UP!,2,
18,JZyNo,Butta My Bread,2,
18,Afro B,Drogba (Joanna),1,
19,5 Seconds of Summer,Youngblood,1,2024-07-06 02:02:00
19,Alex Warren,Carry You Home,1,
19,Alexander Stewart,blame's on me,1,
19,Anne-Marie,UNHEALTHY (feat. Shania Twain),1,
19,Artemas,i like the way you kiss me,1,
20,Soprano,Facile à danser,6,2024-07-06 20:06:00
20,Aya Nakamura,42,4,
20,Burna Boy,On the Low,4,
20,Jungeli,Petit génie,4,
20,CINTHIE,Mellifluous,3,
21,Conan Gray,People Watching,3,2024-07-08 21:44:00
21,Rogue,Fortress,3,
21,Asake,Lonely At The Top,2,
21,Benson Boone,ROOM FOR 2,2,
21,Benson Boone,Slow It Down,2,
22,Lauren Spencer Smith,Flowers,3,2024-07-09 21:04:00
22,Mackenzy Mackay,Sweet Moment,3,
22,Mark Ambor,Good To Be,3,
22,Benson Boone,In The Stars,2,
22,Benson Boone,Slow It Down,2,
23,Ayra Starr,Commas,3,2024-07-11 04:26:00
23,Bayanni,Ta Ta Ta,2,
23,Leat'eq,Tokyo,2,
23,1da Banton,No Wahala,1,
23,Adam Port,Move,1,
24,Forrest Frank,NEVER GET USED TO THIS,11,2024-07-13 18:09:00
24,Forrest Frank,GOOD DAY,5,
24,Benson Boone,Slow It Down,4,
24,Uglyburger0,Friday Theme - Crunchy,4,
24,Alex Warren,Carry You Home,3,
25,Alicia Keys,You Don't Know My Name,4,2024-07-16 16:59:00
25,Benson Boone,Cry,2,
25,Coldplay,feelslikeimfallinginlove - Single Version,2,
25,Henrik,Turn out fine,2,
25,JVKE,this is what falling in love feels like,2,
26,Alan Walker,"Fire! (feat. YUQI ((G)I-DLE), JVKE)",2,2024-07-18 20:17:00
26,Aya Nakamura,42,2,
26,Dadju,Dieu merci,2,
26,Dadju,Django,2,
26,GIMS,Sapés comme jamais (feat. Niska) - Pilule bleue,2,
27,LDRR,Mangos - Tiktok Version,4,2024-07-22 02:39:00
27,ALLY,Make It Hot (feat. Pink Sweat$),1,
27,Alec Benjamin,Ways To Go (feat. Khalid),1,
27,Alexander 23,How Much Longer?,1,
27,Andy Mineo,Remind Me,1,
28,JVKE,lavender (feat. Pink Sweat$),6,2024-07-24 20:38:00
28,Forrest Frank,NEVER GET USED TO THIS (with JVKE),3,
28,Benson Boone,Cry,2,
28,Benson Boone,Slow It Down,2,
28,GIMS,Sapés comme jamais (feat. Niska) - Pilule bleue,2,
29,Kali Uchis,"After The Storm (feat. Tyler, The Creator & Bootsy Collins)",4,2024-07-27 23:39:00
29,The Lorax Singers,"Let It Grow - From ""Dr. Seuss' The Lorax""",4,
29,Bruno Mars,Silk Sonic Intro,3,
29,JVKE,this is what falling in love feels like,3,
29,Alec Benjamin,Different Kind Of Beautiful,2,
30,Forrest Frank,NEVER GET USED TO THIS,2,2024-07-30 02:18:00
30,ALLY,Make It Hot (feat. Pink Sweat$),1,
30,Alan Walker,"Fire! (feat. YUQI ((G)I-DLE), JVKE)",1,
30,Alec Benjamin,Different Kind Of Beautiful,1,
30,Alexander 23,How Much Longer?,1,
31,Kubbi,Up in My Jam (All of a Sudden),5,2024-07-30 20:00:00
31,Snakywine,Classy Kitty,5,
31,JVKE,lavender (feat. Pink Sweat$),4,
31,Arcade Player,"First Contact (From ""Rhythm Heaven Megamix"")",3,
31,Aya Nakamura,Djadja,3,
32,Rob Gasser,Ricochet,4,2024-08-02 20:40:00
32,Fireboy DML,Peru,3,
32,Hollywood Principle,Solar Eclipses,3,
32,Jungeli,Petit génie,3,
32,Porter Robinson,Shelter,3,
33,Hollywood Principle,Solar Eclipses,11,2024-08-05 00:21:00
33,Lil Nas X,MONTERO (Call Me By Your Name),5,
33,AL3JANDRO,So Good,4,
33,Conro,Therapy,4,
33,Fireboy DML,Peru,4,
34,Hollywood Principle,Solar Eclipses,3,2024-08-07 04:17:00
34,Conro,Therapy,2,
34,Hollywood Principle,Breathing Underwater - Ether Remix,2,
34,Hollywood Principle,Firework,2,
34,JVKE,clouds,2,
35,Grant,Weapon,15,2024-08-07 23:30:00
35,Fireboy DML,Peru,4,
35,Hollywood Principle,Solar Eclipses,4,
35,Athena,Eternal,3,
35,Grant,Color,3,
36,Bazzi,Paradise,2,2024-08-14 19:44:00
36,CHINCHILLA,Little Girl Gone,2,
36,Hollywood Principle,Solar Eclipses,2,
36,MIKOLAS,Delilah,2,
36,AL3JANDRO,So Good,1,
37,Hugues Aufray,Santiano,4,2024-08-17 02:28:00
37,Athena,Eternal,2,
37,Far Out,On My Own,2,
37,Grant,Weapon,2,
37,Half an Orange,Sit like a Flamingo,2,
38,Fairlane,Hypnotize,8,2024-08-25 02:28:00
38,Haywyre,Never Count On Me,8,
38,Half an Orange,Blink 182,4,
38,Grant,Are We Still Young,3,
38,Grant,Weapon,3,
39,Innersloth,Hide n Seek Ranch,13,2024-08-28 16:28:00
39,Haywyre,Never Count On Me,7,
39,Athena,Eternal,3,
39,Grant,Weapon,3,
39,David Guetta,2U (feat. Justin Bieber),2,
40,Haywyre,Never Count On Me,5,2024-08-30 14:08:00
40,Rogue,Fortress,4,
40,FWLR,Suspicious,3,
40,Grant,Castaway,3,
40,Grant,Color,3,
41,Haywyre,Insight,8,2024-09-01 16:17:00
41,Grant,Weapon,6,
41,Hollywood Principle,Solar Eclipses,6,
41,FWLR,Suspicious,4,
41,Fairlane,Hypnotize,4,
42,Haywyre,Insight,9,2024-09-04 15:18:00
42,Grant,Weapon,5,
42,Fairlane,Hypnotize,4,
42,Grant,Castaway,4,
42,Haywyre,Never Count On Me,4,
43,WRLD,Little Too Close,5,2024-09-07 01:29:00
43,FWLR,Cave Me In,4,
43,Haywyre,White Lie,4,
43,Just A Gent,Open Spaces,4,
43,Rob Gasser,Vertigo,4,
44,Grant,Dead Man Walking,5,2024-09-11 07:12:00
44,Trivecta,Break Me,5,
44,Blanke,Heavy Heart,4,
44,FWLR,Suspicious,4,
44,Fairlane,Hypnotize,4,
45,Grant,Dead Man Walking,5,2024-09-13 14:46:00
45,Trivecta,Break Me,5,
45,FWLR,Cave Me In,4,
45,FWLR,Suspicious,4,
45,Grant,Castaway,4,
46,Haywyre,Tell Me - Ellis Remix,3,2024-09-15 17:37:00
46,Haywyre,White Lie,3,
46,Athena,Moment,2,
46,Blanke,Heavy Heart,2,
46,Cartoon,Howling,2,
47,Trivecta,Riptide,4,2024-09-16 02:19:00
47,DESERT STAR,Edge of the World,3,
47,Dean Lewis,Waves,3,
47,Rogue,Oceans,3,
47,Trivecta,Tornado,3,
48,Haywyre,Tell Me - Ellis Remix,5,2024-09-17 18:53:00
48,DESERT STAR,Edge of the World,4,
48,Grant,Dead Man Walking,4,
48,Grant,Weapon,4,
48,Jay Cosmic,Ocean Eyes,4,
49,smle,Found A Reason,5,2024-09-20 19:58:00
49,Grant,Weapon,4,
49,Haywyre,Tell Me - Ellis Remix,4,
49,Rob Gasser,Vertigo,4,
49,Trivecta,Break Me,4,
50,Rogue,Fusion,5,2024-09-22 09:34:00
50,Grant,Weapon,4,
50,Haywyre,Tell Me - Ellis Remix,4,
50,Jay Cosmic,Ocean Eyes,4,
50,Trivecta,Break Me,4,
51,WRLD,Chase It,6,2024-09-25 18:55:00
51,Grant,High Enough,5,
51,ANGL,Fireburst,3,
51,Grant,The Edge,3,
51,OVSKY,Time,3,
52,WRLD,Chase It,6,2024-09-27 08:53:00
52,Ogryzek,GLORY,4,
52,Haywyre,White Lie,3,
52,Ogryzek,AURA,3,
52,Snakywine,Classy Kitty,3,
53,smle,Can't Sleep Alone,4,2024-09-28 17:54:00
53,DESERT STAR,Edge of the World,3,
53,Trivecta,Break Me,3,
53,WRLD,By Design,3,
53,WRLD,Chase It,3,
54,Haywyre,Tell Me,6,2024-10-01 16:10:00
54,FWLR,Cave Me In,5,
54,Seven Lions,Island (feat. Nevve),5,
54,WRLD,Everything,5,
54,Trivecta,Break Me,4,
55,Haywyre,Tell Me,7,2024-10-03 20:10:00
55,WRLD,Everything,6,
55,Seven Lions,Island (feat. Nevve),5,
55,WRLD,By Design,4,
55,FWLR,Numb,3,
56,FWLR,Numb,3,2024-10-05 13:25:00
56,Haywyre,Contagious,3,
56,Haywyre,Insight,3,
56,Rogue,Fusion,3,
56,Seven Lions,Island (feat. Nevve),3,
57,Haywyre,Tell Me,6,2024-10-07 19:18:00
57,Rogue,Fusion,6,
57,FWLR,Numb,4,
57,Haywyre,Chromatically,4,
57,WRLD,Chase It,4,
58,ellis,Caught in the Rays (Intro),4,2024-10-12 08:04:00
58,Haywyre,Contagious,3,
58,Haywyre,Stay With Me,3,
58,Haywyre,White Lie,3,
58,Seven Lions,Island (feat. Nevve),3,
59,Grant,Dead Man Walking,4,2024-10-13 14:12:00
59,WRLD,Chase It,4,
59,ellis,Speak Français,4,
59,Conro,Therapy,3,
59,DESERT STAR,Edge of the World,3,
60,Seven Lions,Only Now (feat. Tyler Graves),9,2024-10-15 07:45:00
60,Haywyre,Let Me Hear That,4,
60,Seven Lions,Island (feat. Nevve),3,
60,Tokyo Machine,Last Summer,3,
60,AL3JANDRO,So Good,2,
61,Seven Lions,Only Now (feat. Tyler Graves),7,2024-10-16 10:48:00
61,Ogryzek,AURA,5,
61,Cartoon,Howling - Andromedik Remix,4,
61,ellis,Feel That Way,4,
61,Madeon,Be Fine,3,
62,Justin OH,Feel Alright,4,2024-10-17 17:10:00
62,ellis,Feel That Way,4,
62,Conro,Therapy,3,
62,KSI,Thick Of It (feat. Trippie Redd),3,
62,ellis,After Hours,3,
63,ellis,Brand New Phone,6,2024-10-18 21:59:00
63,Justin OH,Rearview Mirror,5,
63,ellis,After Hours,5,
63,ellis,Clear My Head,5,
63,ellis,Feel That Way,5,
64,Justin OH,Rearview Mirror,8,2024-10-20 12:25:00
64,smle,Runnin,6,
64,ellis,Feel That Way,5,
64,ellis,Orbit,5,
64,Justin OH,Feel Alright,4,
65,smle,Runnin,5,2024-10-21 22:33:00
65,Stephen Walking,Hey,4,
65,FWLR,Numb,3,
65,Justin OH,Rearview Mirror,3,
65,Quentyn,Nobody - ellis Remix,3,
66,ellis,promises,8,2024-10-22 19:05:00
66,Haywyre,With You,6,
66,Stephen Walking,Hey,6,
66,DZMA,Disconnected,4,
66,ellis,Feel That Way,4,
67,Haywyre,With You,7,2024-10-24 10:15:00
67,The Night,Different Story,6,
67,ellis,Orbit,5,
67,Seven Lions,Only Now (feat. Tyler Graves),4,
67,JKuch,Data Loss,3,
68,Conro,luv(drunk),6,2024-10-25 19:49:00
68,Seven Lions,Light In The Dark,6,
68,Unknown Artist,Unknown Track,5,
68,Alan Walker,Faded,4,
68,Conro,Therapy,4,
69,Seven Lions,Light In The Dark,13,2024-10-28 17:04:00
69,Seven Lions,Only Now (feat. Tyler Graves),6,
69,ellis,Feel That Way,6,
69,Haywyre,With You,4,
69,ellis,Orbit,4,
70,Half an Orange,Mark Twain - Glacier Remix,17,2024-11-02 00:14:00
70,Haywyre,With You,5,
70,ellis,Unfold,4,
70,Haywyre,Chromatically,3,
70,The Night,Different Story,3,
71,Fireboy DML,Diana,12,2024-11-05 05:50:00
71,Fireboy DML,Peru,5,
71,Fireboy DML,Sofri,5,
71,Duumu,Blinded,3,
71,Fireboy DML,Feel,3,
72,Fireboy DML,Peru,5,2024-11-08 10:05:00
72,Half an Orange,Buzz Lightyear - WRLD Remix,5,
72,Half an Orange,Mark Twain - Glacier Remix,5,
72,Fireboy DML,Diana,4,
72,Sarz,Happiness (feat. Asake & Gunna),4,
73,Half an Orange,Buzz Lightyear - WRLD Remix,11,2024-11-09 15:57:00
73,Wande Coal,Come My Way,7,
73,Fireboy DML,Peru,6,
73,Fireboy DML,Diana,5,
73,smle,Runnin,5,
74,Wande Coal,Come My Way,26,2024-11-12 12:57:00
74,Fireboy DML,Peru,5,
74,Fireboy DML,Diana,4,
74,Timaya,The Mood,4,
74,Wande Coal,3 Square Meal,4,
75,Fireboy DML,Peru,8,2024-11-14 20:00:00
75,Fireboy DML,Diana,7,
75,Wande Coal,Come My Way,6,
75,Babyboy AV,Confession,3,
75,Fireboy DML,Bandana,3,
76,Fireboy DML,Peru,5,2024-11-17 08:22:00
76,Tems,Love Me JeJe,4,
76,Fireboy DML,Diana,3,
76,Half an Orange,Buzz Lightyear - WRLD Remix,3,
76,Sarz,Happiness (feat. Asake & Gunna),3,
77,Fireboy DML,Diana,7,2024-11-19 16:56:00
77,Fireboy DML,Peru,5,
77,Daft Punk,Around the World,4,
77,Fireboy DML,Bandana,4,
77,Tems,Love Me JeJe,4,
78,Tems,Love Me JeJe,8,2024-11-22 15:27:00
78,Trivecta,Now You Know (feat. Aloma Steele),8,
78,Travis Scott,FE!N (feat. Playboi Carti),4,
78,Duumu,Blinded,3,
78,Fireboy DML,Diana,3,
79,Trivecta,Now You Know (feat. Aloma Steele),10,2024-11-24 15:35:00
79,Tems,Love Me JeJe,4,
79,Fireboy DML,Diana,3,
79,Justin OH,Rearview Mirror,3,
79,Ogryzek,EMPIRE,3,
80,Fireboy DML,Diana,6,2024-11-26 15:05:00
80,Nick Smith,Forget About Me,6,
80,Travis Scott,FE!N (feat. Playboi Carti),5,
80,Trivecta,Now You Know (feat. Aloma Steele),5,
80,Half an Orange,Mark Twain - Glacier Remix,3,
81,Duumu,Blinded,7,2024-11-28 20:32:00
81,WRLD,Chase It,7,
81,Justin OH,Rearview Mirror,6,
81,Justin OH,Feel Alright,5,
81,Ruger,Toma Toma,5,
82,Ruger,Toma Toma,8,2024-12-01 09:31:00
82,WRLD,Wishful Thinking - 2018,8,
82,Zedd,Tangerine Rays (feat. Bea Miller),5,
82,Zedd,Tangerine Rays (feat. Bea Miller) - Instrumental,5,
82,Maleek Berry,Lately (feat. Ruger),4,
83,Ruger,Toma Toma,8,2024-12-03 05:35:00
83,Maleek Berry,Lately (feat. Ruger),6,
83,Zedd,Tangerine Rays (feat. Bea Miller),5,
83,WRLD,Wishful Thinking - 2018,4,
83,Half an Orange,Buzz Lightyear - WRLD Remix,3,
84,WRLD,Style,9,2024-12-04 18:43:00
84,WRLD,Wishful Thinking - 2018,7,
84,inverness,Good Feeling,6,
84,Ruger,Toma Toma,5,
84,Half an Orange,Buzz Lightyear - WRLD Remix,4,
85,Gabzy,Jambazz,7,2024-12-06 21:09:00
85,Ruger,Ilashe,5,
85,Ruger,Toma Toma,5,
85,Maleek Berry,Lately (feat. Ruger),4,
85,WRLD,Style,4,
86,Ruger,Asiwaju,7,2024-12-08 10:47:00
86,Gabzy,Jambazz,5,
86,Half an Orange,Buzz Lightyear - WRLD Remix,4,
86,Ruger,Make Way,4,
86,WRLD,Wishful Thinking - 2018,4,
87,WRLD,Style,6,2024-12-10 18:29:00
87,Ruger,Asiwaju,4,
87,Gabzy,Jambazz,3,
87,Haywyre,Never Count On Me,3,
87,Maleek Berry,Lately (feat. Ruger),3,
88,inverness,Good Feeling,5,2024-12-13 17:37:00
88,Half an Orange,Buzz Lightyear - WRLD Remix,4,
88,Sam Bruno,Hello Hater - WRLD Remix,4,
88,Half an Orange,Mark Twain - Glacier Remix,3,
88,WRLD,Chase It,3,
89,Sam Bruno,Hello Hater - WRLD Remix,8,2024-12-14 18:52:00
89,Insan3lik3,You Make Me Go - Original Mix,7,
89,Anevo,Feel Something,6,
89,Half an Orange,Buzz Lightyear - WRLD Remix,4,
89,Anevo,Don't Shoot Me Down,3,
90,ellis,Falling Through,11,2024-12-18 19:27:00
90,Rogue,Barbed Wire,5,
90,Insan3lik3,You Make Me Go - Original Mix,3,
90,Ruger,Toma Toma,3,
90,Savoi,Hideaway,3,
91,ellis,Falling Through,10,2024-12-20 13:18:00
91,Meet Me @ The Altar,Take Me Away (Freaky Friday Cover),3,
91,Ruger,Toma Toma,3,
91,WRLD,Wishful Thinking - 2018,3,
91,Anevo,Don't Shoot Me Down,2,
92,Haywyre,Let Me Hear That,3,2024-12-23 09:53:00
92,OVSKY,Warmer,3,
92,Pheelz,Finesse,3,
92,Rogue,Barbed Wire,3,
92,Ruger,Asiwaju,3,
93,Lady Gaga,Die With A Smile,5,2024-12-25 13:30:00
93,Insan3lik3,You Make Me Go - Original Mix,3,
93,Anevo,Don't Shoot Me Down,2,
93,Anevo,Feel Something,2,
93,Djo,End of Beginning,2,
94,Grant,Without You,8,2024-12-27 18:55:00
94,soupandreas,Tumbling Down,7,
94,inverness,Lost My Mind,4,
94,Sam Bruno,Hello Hater - WRLD Remix,3,
94,WRLD,Style,3,
95,Stromae,Formidable,13,2024-12-29 20:47:00
95,Stromae,Tous les mêmes,10,
95,Stromae,L’enfer,9,
95,Stromae,Alors On Danse - DubDogz Remix,4,
95,Stromae,carmen,4,
96,Grant,Without You,7,2024-12-29 21:06:00
96,soupandreas,Tumbling Down,5,
96,Haywyre,With Or Without,4,
96,Anevo,Feel Something,3,
96,Djo,End of Beginning,3,
97,Conro,Kick It,12,2025-01-02 11:26:00
97,Grant,Without You,6,
97,WRLD,Drowning,4,
97,Rogue,Barbed Wire,3,
97,Unknown Artist,Unknown Track,3,
98,Haywyre,Contagious,7,2025-01-04 17:07:00
98,Haywyre,Wisdom,7,
98,Anevo,Feel Something,6,
98,Conro,Kick It,6,
98,Zedd,Tangerine Rays (feat. Bea Miller),5,
99,Conro,Kick It,6,2025-01-09 20:16:00
99,Haywyre,Contagious,4,
99,Haywyre,Wisdom,4,
99,Sam Bruno,Hello Hater - WRLD Remix,4,
99,ellis,Falling Through,4,
100,Tails,Skeleton (feat. Nevve),5,2025-01-14 17:23:00
100,soupandreas,Tumbling Down,5,
100,Grant,Without You,4,
100,Conro,Kick It,3,
100,Grant,Move On,3,
101,NF,The Search,8,2025-01-18 18:06:00
101,Lil Nas X,MONTERO (Call Me By Your Name),6,
101,Fonzi M,"Gurenge (From ""Demon Slayer: Kimetsu no Yaiba"") [Full Version] - Piano Arrangement",5,
101,Gilbert Montagné,Les sunlights des tropiques,4,
101,Netrum,Circle,4,
102,Seven Lions,Remember,6,2025-01-24 17:47:00
102,Haywyre,Let Me Hear That,5,
102,Johann Sebastian Bach,"Das wohltemperierte Klavier, Buch II: Präludium I C-Dur, BWV 870",5,
102,Rogue,Starlight,4,
102,Johann Sebastian Bach,"Das wohltemperierte Klavier, Buch II: Fuge I C-Dur, BWV 870",3,
103,Rogue,Mirage,10,2025-01-31 15:53:00
103,Johann Sebastian Bach,"Das wohltemperierte Klavier, Buch II: Präludium VI D-Moll, BWV 875",3,
103,Rogue,Starlight,3,
103,WRLD,Little Too Close,3,
103,Fonzi M,"Parting: Riko in the Aquarium (From ""Jujutsu Kaisen Season 2"")",2,
104,Johann Sebastian Bach,"Das wohltemperierte Klavier, Buch II: Fuge III Cis-Dur, BWV 872",6,2025-02-02 19:36:00
104,Johann Sebastian Bach,"Das wohltemperierte Klavier, Buch II: Präludium III Cis-Dur, BWV 872",5,
104,Haywyre,I Am You,4,
104,Johann Sebastian Bach,"Das wohltemperierte Klavier, Buch II: Fuge VI D-Moll, BWV 875",4,
104,Johann Sebastian Bach,"Das wohltemperierte Klavier, Buch II: Präludium VI D-Moll, BWV 875",4,
105,Haywyre,I Am You,6,2025-02-08 18:58:00
105,Savoi,Hideaway,5,
105,Fairlane,Hypnotize,4,
105,Rogue,Mirage,4,
105,JVKE,her,3,
106,Haywyre,I Am You,3,2025-02-15 18:41:00
106,Haywyre,Let Me Hear That,3,
106,Haywyre,With You,3,
106,Grant,Without You,2,
106,Half an Orange,Mark Twain - Glacier Remix,2,
107,Stonebank,Breathe Me Back To Life,6,2025-02-19 17:02:00
107,Rogue,Starlight,5,
107,Time To Talk,Street Lights (Ft. Axollo),5,
107,Rogue,Mirage,4,
107,Anomalie,Velours,3,
108,JJD,Somebody Like Me,10,2025-02-26 17:08:00
108,DEXTER KING,Get to Know You,7,
108,DEXTER KING,Only You,7,
108,Time To Talk,Street Lights (Ft. Axollo),6,
108,Azertion,Reality (ft. Dayce Williams),5,
109,JJD,Just A Minute More,11,2025-03-04 17:33:00
109,JJD,Somebody Like Me,6,
109,DEXTER KING,Unbroken,5,
109,JJD,A New Adventure,5,
109,Azertion,Reality (ft. Dayce Williams),4,
110,Joya Marleen,Driver,8,2025-03-08 17:25:00
110,Henry Moodie,drunk text,5,
110,Azertion,Reality (ft. Dayce Williams),4,
110,JJD,Somebody Like Me,4,
110,Conro,Close,3,
111,Kovan,Brokenhearted,5,2025-03-12 20:05:00
111,Scythermane,NUNCA MUDA? - Super Slowed,5,
111,JJD,Can't Say No,4,
111,Netrum,Backstreet Boy,4,
111,Time To Talk,Time To Talk,4,
112,Scythermane,NUNCA MUDA? - Super Slowed,5,2025-03-15 13:43:00
112,Conro,Close,4,
112,Brandyn Burnette,Hands Down,3,
112,JJD,A New Adventure,3,
112,Rogue,Starlight,3,
113,Arlow,Freefall,10,2025-03-18 21:41:00
113,Rogue,Emeralds,6,
113,Kovan,Brokenhearted,3,
113,Rogue,Guiding Light,3,
113,Aviella,Way Back,2,
114,Conro,All Me,5,2025-03-21 20:14:00
114,Arlow,Freefall,3,
114,Kovan,Brokenhearted,3,
114,Azertion,Reality (ft. Dayce Williams),2,
114,Conro,Close,2,
115,Auvic,Embers Inside,5,2025-03-26 18:21:00
115,WRLD,Rooms,4,
115,Conro,All Me,3,
115,Half an Orange,Buzz Lightyear - WRLD Remix,3,
115,Scythermane,NUNCA MUDA? - Super Slowed,3,
116,Audien,One More Thing,6,2025-03-29 17:51:00
116,Auvic,Embers Inside,6,
116,JJD,Lighthouse,4,
116,DJ Shahzad,Bring the Light - Extended,3,
116,Larza,All I Know,3,
117,Maazel,Right Now,7,2025-04-04 13:20:00
117,DEXTER KING,Read Your Lips,6,
117,Fairlane,Replay,5,
117,Rogue,Move Me,4,
117,Wowkie Da,陽光彩虹小白馬,4,
118,Fairlane,Someone Just Like You,6,2025-04-07 17:40:00
118,DEXTER KING,Read Your Lips,5,
118,Cinema Kid,Lost Time,4,
118,Fairlane,Not My Night,4,
118,Fairlane,Panic Room,4,
119,Cinema Kid,Lost Time,6,2025-04-10 13:35:00
119,Fairlane,Someone Just Like You,5,
119,Rogue,Move Me,4,
119,Conro,All Me,3,
119,2NATURAL,Over Again,2,
120,Cinema Kid,Lost Time,10,2025-04-12 21:19:00
120,Cinema Kid,In My Arms Tonight,5,
120,Fairlane,Panic Room,4,
120,Trivecta,Hear My Call (feat. Tyler Graves),4,
120,Ruger,POE,3,
121,Tom Wilson,Be Myself,8,2025-04-15 11:25:00
121,Tom Wilson,Follow,7,
121,Fairlane,Panic Room,4,
121,Hoaprox,Brighter Side,4,
121,Kovan,Thrill Is Gone,4,
122,Kovan,Thrill Is Gone,5,2025-04-18 11:12:00
122,Tom Wilson,Follow,5,
122,Cinema Kid,Lost Time,4,
122,Tom Wilson,In Your Eyes,4,
122,Fairlane,Panic Room,3,
123,JJD,Lighthouse,2,2025-04-21 03:20:00
123,Johann Sebastian Bach,"Prelude & Fugue No. 3 in C-Sharp Major, BWV 848: Prelude",2,
123,Kovan,Brokenhearted,2,
123,Kovan,Skyline Pt. II,2,
123,Kovan,Thrill Is Gone,2,
124,Duumu,Talk!,12,2025-04-23 17:45:00
124,Maazel,Another Way,10,
124,Arlow,Happy Now,5,
124,Half an Orange,Buzz Lightyear - WRLD Remix,3,
124,Highlnd,If You Want To Stay,3,
125,Duumu,Intentions,5,2025-04-26 18:45:00
125,Duumu,Talk!,5,
125,Maazel,Another Way,4,
125,Arlow,Happy Now,3,
125,Haywyre,Do You Don't You,3,
126,Duumu,Intentions,7,2025-05-02 23:44:00
126,Duumu,All for Nothing,5,
126,Arlow,How Do You Know,4,
126,Pérotin,Sederunt principes,4,
126,Snareskin,Even LA,4,
127,Abandoned,I Forget,4,2025-05-05 21:30:00
127,Cinema Kid,Satellite,4,
127,PNL,Deux frères,4,
127,Duumu,Intentions,3,
127,Duumu,Talk!,3,
128,Maazel,Crashing Down,5,2025-05-11 10:30:00
128,Deaf Kev,Go Back,3,
128,Duumu,Intentions,3,
128,Duumu,Wash Away,3,
128,EDDIE,Night Runners,3,
129,Arlow,Frozen In Time (feat. Introspect),4,2025-05-14 15:35:00
129,Arlow,Leave Us Behind,3,
129,Duumu,Intentions,3,
129,Duumu,Talk!,3,
129,JJD,Just A Minute More,3,
130,Fairlane,Enough,13,2025-05-17 19:40:00
130,SVRRIC,Fall To My Grave,8,
130,Fairlane,Puzzle,6,
130,Glacier,Enough,6,
130,Asketa & Natan Chaim,No Crime,5,
131,Fairlane,Enough,10,2025-05-20 19:45:00
131,Snareskin,Even LA,6,
131,Afinity,Endless (Best of Me),4,
131,Duumu,Talk!,3,
131,SVRRIC,Fall To My Grave,3,
132,Glacier,Nurture,8,2025-05-24 07:29:00
132,Aeden,I Feel Crazy,6,
132,Fairlane,Enough,4,
132,Hoaprox,Brighter Side,4,
132,Aeden,Would You Be Waiting,3,
133,Aeden,Would You Be Waiting,4,2025-05-27 20:24:00
133,Arlow,Feel So Lucky,4,
133,Arlow,Frozen In Time (feat. Introspect),4,
133,Dmitri Shostakovich,"24 Preludes, Op. 34: No. 10 in C-Sharp Minor. Moderato non troppo",3,
133,Dmitri Shostakovich,"24 Preludes, Op. 34: No. 24 in D Minor. Allegretto",3,
134,Arlow,Frozen In Time (feat. Introspect),10,2025-05-30 21:02:00
134,Arlow,Feel So Lucky,4,
134,Aeden,I Feel Crazy,3,
134,Glacier,Nurture,3,
134,Aeden,Would You Be Waiting,2,
135,Dmitri Shostakovich,"24 Preludes, Op. 34: No. 9 in E Major. Presto",9,2025-06-03 18:51:00
135,Dmitri Shostakovich,"24 Preludes, Op. 34: No. 15 in D-Flat Major. Allegretto",8,
135,Dmitri Shostakovich,"24 Preludes, Op. 34: No. 6 in B Minor. Allegretto",7,
135,Dmitri Shostakovich,"24 Preludes, Op. 34: No. 24 in D Minor. Allegretto",6,
135,Dmitri Shostakovich,"24 Preludes, Op. 34: No. 10 in C-Sharp Minor. Moderato non troppo",4,
136,Dmitri Shostakovich,"24 Preludes, Op. 34: No. 24 in D Minor. Allegretto",8,2025-06-04 19:29:00
136,Dmitri Shostakovich,"24 Preludes, Op. 34: No. 9 in E Major. Presto",7,
136,Dmitri Shostakovich,"24 Preludes, Op. 34: No. 10 in C-Sharp Minor. Moderato non troppo",6,
136,Dmitri Shostakovich,"24 Preludes, Op. 34: No. 15 in D-Flat Major. Allegretto",6,
136,Dmitri Shostakovich,"24 Preludes, Op. 34: No. 17 in A-Flat Major. Largo",6,
